-- MySQL dump 10.13  Distrib 5.7.24, for Linux (x86_64)
--
-- Host: localhost    Database: portal
-- ------------------------------------------------------
-- Server version	5.7.24-0ubuntu0.16.04.1

/*!40101 SET @OLD_CHARACTER_SET_CLIENT=@@CHARACTER_SET_CLIENT */;
/*!40101 SET @OLD_CHARACTER_SET_RESULTS=@@CHARACTER_SET_RESULTS */;
/*!40101 SET @OLD_COLLATION_CONNECTION=@@COLLATION_CONNECTION */;
/*!40101 SET NAMES utf8 */;
/*!40103 SET @OLD_TIME_ZONE=@@TIME_ZONE */;
/*!40103 SET TIME_ZONE='+00:00' */;
/*!40014 SET @OLD_UNIQUE_CHECKS=@@UNIQUE_CHECKS, UNIQUE_CHECKS=0 */;
/*!40014 SET @OLD_FOREIGN_KEY_CHECKS=@@FOREIGN_KEY_CHECKS, FOREIGN_KEY_CHECKS=0 */;
/*!40101 SET @OLD_SQL_MODE=@@SQL_MODE, SQL_MODE='NO_AUTO_VALUE_ON_ZERO' */;
/*!40111 SET @OLD_SQL_NOTES=@@SQL_NOTES, SQL_NOTES=0 */;

--
-- Table structure for table `assinantes`
--

DROP TABLE IF EXISTS `assinantes`;
/*!40101 SET @saved_cs_client     = @@character_set_client */;
/*!40101 SET character_set_client = utf8 */;
CREATE TABLE `assinantes` (
  `id` int(11) NOT NULL AUTO_INCREMENT,
  `nome` varchar(255) NOT NULL,
  `email` varchar(255) NOT NULL,
  PRIMARY KEY (`id`)
) ENGINE=InnoDB DEFAULT CHARSET=latin1;
/*!40101 SET character_set_client = @saved_cs_client */;

--
-- Dumping data for table `assinantes`
--

LOCK TABLES `assinantes` WRITE;
/*!40000 ALTER TABLE `assinantes` DISABLE KEYS */;
/*!40000 ALTER TABLE `assinantes` ENABLE KEYS */;
UNLOCK TABLES;

--
-- Table structure for table `categorias`
--

DROP TABLE IF EXISTS `categorias`;
/*!40101 SET @saved_cs_client     = @@character_set_client */;
/*!40101 SET character_set_client = utf8 */;
CREATE TABLE `categorias` (
  `id` int(11) NOT NULL AUTO_INCREMENT,
  `categoria` varchar(255) NOT NULL,
  PRIMARY KEY (`id`)
) ENGINE=InnoDB AUTO_INCREMENT=29 DEFAULT CHARSET=latin1;
/*!40101 SET character_set_client = @saved_cs_client */;

--
-- Dumping data for table `categorias`
--

LOCK TABLES `categorias` WRITE;
/*!40000 ALTER TABLE `categorias` DISABLE KEYS */;
INSERT INTO `categorias` VALUES (17,'Política'),(19,'Economia'),(20,'Esportes'),(21,'Crônicas'),(22,'Notícias'),(24,'Famosos'),(25,'Colunas'),(26,'Cinema');
/*!40000 ALTER TABLE `categorias` ENABLE KEYS */;
UNLOCK TABLES;

--
-- Table structure for table `noticias`
--

DROP TABLE IF EXISTS `noticias`;
/*!40101 SET @saved_cs_client     = @@character_set_client */;
/*!40101 SET character_set_client = utf8 */;
CREATE TABLE `noticias` (
  `id` int(11) NOT NULL AUTO_INCREMENT,
  `titulo` varchar(255) NOT NULL,
  `subtitulo` varchar(255) NOT NULL,
  `texto` varchar(55500) DEFAULT NULL,
  `imagens` varchar(255) NOT NULL,
  `videos` varchar(255) DEFAULT NULL,
  `tags` varchar(255) NOT NULL,
  `id_categoria` int(11) DEFAULT NULL,
  `id_usuario` int(11) DEFAULT NULL,
  `datahora` varchar(150) DEFAULT NULL,
  PRIMARY KEY (`id`),
  KEY `id_categoria` (`id_categoria`),
  KEY `id_usuario` (`id_usuario`),
  CONSTRAINT `noticias_ibfk_1` FOREIGN KEY (`id_usuario`) REFERENCES `usuarios` (`id`),
  CONSTRAINT `noticias_ibfk_2` FOREIGN KEY (`id_categoria`) REFERENCES `categorias` (`id`),
  CONSTRAINT `noticias_ibfk_3` FOREIGN KEY (`id_usuario`) REFERENCES `usuarios` (`id`)
) ENGINE=InnoDB AUTO_INCREMENT=151 DEFAULT CHARSET=latin1;
/*!40101 SET character_set_client = @saved_cs_client */;

--
-- Dumping data for table `noticias`
--

LOCK TABLES `noticias` WRITE;
/*!40000 ALTER TABLE `noticias` DISABLE KEYS */;
INSERT INTO `noticias` VALUES (106,'O Grand Canyon como nunca se viu','Um desfiladeiro íngreme esculpido pelo rio Colorado','O Grand Canyon é um desfiladeiro íngreme esculpido pelo rio Colorado, no estado do Arizona, nos Estados Unidos. A formação faz parte do Parque Nacional do Grand Canyon. O presidente estadunidense Theodore Roosevelt foi um grande defensor da preservação da área do Grand Canyon e visitou-o em várias ocasiões para caçar e apreciar a paisagem.\r\n\r\nO Grand Canyon tem 446 km de comprimento, até 29 km de largura e atinge uma profundidade de mais de 1,8 km. Por 2 bilhões de anos de história geológica da Terra o rio Colorado e seus afluentes cortaram seus canais através das camadas de rocha enquanto o planalto do Colorado era erguido.\r\n\r\nApesar de alguns aspectos sobre a história da incisão do canyon serem debatidos por geólogos, vários estudos recentes apoiam a hipótese de que o rio Colorado estabeleceu seu curso através da região há cerca de 5 ou 6 milhões de anos. Desde essa época, o rio tem aprofundado e alargado o desfiladeiro.\r\n\r\nPor milhares de anos, a área tem sido continuamente habitada por nativos norte-americanos, que construíram assentamentos em suas muitas cavernas. Os índios pueblo consideravam o Grand Canyon um local sagrado e faziam peregrinações até ele. O primeiro europeu que avistou o Grand Canyon foi García López de Cárdenas da Espanha, que chegou em 1540.\r\n\r\nEm 1999, o corredor de trilhas Carlos Sposito tornou-se o primeiro brasileiro a cruzar a região correndo sem paradas.','img/noticias/2019.08.09-00.59.38.jpg','https://www.youtube.com/watch?v=-FrXy3udiCo','Grand Canyon, USA, Rio Colorado',21,1,'2019-08-09 00:59:38'),(107,'Limpeza da Praia do Futuro','Com participação de Influenciadoras digitais','Convidados e influenciadoras digitais se dedicaram ao processo de limpeza de uma faixa de 650 metros de praia. Na areia aparentemente limpa estavam ocultos pedaços de tijolo, bitucas de cigarro, embalagens plásticas, copos descartáveis, cascas de caranguejo e arestas de madeira.\r\n\r\nA mitigação dos danos causados ao meio ambiente por resíduos sólidos depende de cada um dos moradores da cidade, avalia Luzanira Ribeiro, estudante do curso de Ciências Ambientais da Universidade Federal do Ceará (UFC). Ela foi uma das participantes de ação de limpeza da Praia do Futuro, em Fortaleza, na manhã deste sábado. A iniciativa foi capitaneada pela empresa Cardigan em parceria com a Sunrise Beach Clube, a Pizzon, a Pague Menos e a Dauf. Ao longo da manhã, convidados e influenciadoras digitais se dedicaram ao processo de limpeza de uma faixa de 650 metros de praia. O grupo também teve um momento de conversa com os estudantes da universidade, que explicaram quais são os efeitos do plástico e de outros resíduos sólidos para o meio ambiente quando descartados de modo incorreto','img/noticias/2019.08.09-01.08.39.jpg','https://www.youtube.com/watch?v=-FrXy3udiCo','Praia, Fortaleza, Meio Ambiente',21,4,'2019-08-09 01:08:39'),(108,'Previdência: relator elogia texto da Câmara','Tasso Jereissati apresentará parecer à CCJ; se Senado mudar texto da Câmara.','O senador Tasso Jereissati (PSDB-CE), escolhido relator da reforma da Previdência, elogiou nesta quinta-feira (8) o texto aprovado pela Câmara e afirmou que eventuais mudanças devem ser feitas por uma proposta de emenda à Constituição (PEC) paralela.\r\n\r\nAprovada pelos deputados em segundo turno nesta quarta (7), a proposta já foi entregue pelo presidente da Câmara, Rodrigo Maia (DEM-RJ), ao presidente do Senado, Davi Alcolumbre (DEM-AP). Agora, caberá a Jereissati apresentar um parecer à Comissão de Constituição e Justiça (CCJ) sobre a reforma.\r\n\r\n\"O meu convencimento pessoal como relator é que, se tiver que mudar alguma coisa, tem que ser o mínimo possível. A reforma que veio da Câmara, na minha opinião, é boa. Ela é um trabalho ótimo feito pela Câmara\", declarou Jereissati.\r\n\r\nSe o Senado mantiver o texto aprovado pela Câmara, a reforma seguirá para promulgação. Se os senadores modificarem a proposta, a PEC voltará à Câmara para nova análise dos deputados.\r\n\r\nDiante disso, Tasso Jereissati afirmou que eventuais mudanças, como a inclusão de estados e municípios, devem ser discutidas em outra PEC.\r\n\r\n\"O ponto que eu considero, e que há um consenso praticamente sobre isso aqui no Senado, é a inclusão de estados e municípios em uma PEC paralela. Porque o nosso compromisso com o país e com o Senado é de que o coração da reforma não volte para a Câmara, para lá na Câmara começar todo o processo novamente. O país não suporta isso\", acrescentou.','img/noticias/2019.08.09-01.12.26.jpg','https://www.youtube.com/watch?v=-FrXy3udiCo','Reforma da previdência, Senado, Tasso Jereissate',17,3,'2019-08-09 01:12:26'),(109,'Caetano Veloso se apresenta','','Famosos vão à inauguração do MG4, conjunto de novos estúdios da Globo\r\nTony Ramos, Adriana Esteves, Isis Valverde, Murilo Benício, Vladimir Brichta participaram do evento nesta quinta (8), no Rio de Janeiro.\r\nFernanda Montenegro fez discurso na inauguração e Caetano Veloso se apresenta na inauguração do complexo MG4.','img/noticias/2019.08.09-01.19.41.jpg','https://www.youtube.com/watch?v=-FrXy3udiCo','Caetano Veloso, Estúdio Globo, Inauguração',22,6,'2019-08-09 01:19:41'),(110,'Moro pede que PGR investigue presidente da OAB','Felipe santa cruz teria caluniado o ministro','O ministro da Justiça, Sergio Moro, pediu à Procuradoria-Geral da República que investigue o presidente da OAB (Ordem dos Advogados do Brasil), Felipe Santa Cruz, por suposto crime de calúnia. No documento, ele diz que Santa Cruz fez declarações que podem caracterizar crimes contra sua honra e pede que \"sejam as condutas apuradas e promovida a responsabilização criminal cabível\". Nos ofícios encaminhados por Moro à PGR, o ministro argumenta que, após análise, \"a conduta do ofensor reúne elementos aptos ao enquadramento nos tipos penais de calúnia, injúria e difamação, com o que estou de acordo, além de consignar que o teor da manifestação repercutiu, efetivamente, sobre a minha honra subjetiva','img/noticias/2019.08.09-01.27.07.jpg','https://www.youtube.com/watch?v=-FrXy3udiCo','Sergio Moro, OAB, Investigação',17,10,'2019-08-09 01:27:07'),(113,'Dorival Júnior admite chance de negociação com o Cruzeiro','Treinador volta a negar contato com diretoria da Raposa para assumir posto de Mano','Em meio às especulações que o colocam entre os nomes preferidos para assumir o Cruzeiro, Dorival Júnior atendeu à ligação do GloboEsporte.com nesta quinta-feira. Estava \"em casa\", na cidade de Florianópolis, onde mora com a família.\r\n\r\nO técnico não treina nenhuma equipe desde que deixou o Flamengo, no fim do Brasileirão do ano passado. Dorival disse que estava feliz em ter o nome cotado para assumir o Cruzeiro. O treinador afirmou que vinha acompanhando a equipe, comandada por Mano Menezes, que deixou o cargo após a derrota para o Internacional, no jogo de ida das semifinais da Copa do Brasil.\r\n\r\n- Claro que estou acompanhando o Cruzeiro. Quem está fora, como eu, procura ver todos os clubes - disse Dorival à reportagem.\r\n\r\nO GloboEsporte.com apurou que o Dorival Júnior e a direção do Cruzeiro iniciaram conversas nesta quinta-feira. O próximo passo da negociação envolve reunião entre as partes. Uma das condições pedidas pelo treinador é a assinatura de um contrato a longo prazo. Perguntado sobre a negociação, disse que não recebeu contato do clube mineiro, até o momento.\r\n\r\n- Ninguém me ligou, nem para meu agente - afirmou o treinador.\r\n\r\nNo entanto, Dorival admitiu que está aberto a propostas e considera o fato de o clube não ter mais um técnico empregado, após a saída de Mano Menezes, como um facilitador.','img/noticias/2019.08.09-02.19.08.jpg','https://www.youtube.com/watch?v=-FrXy3udiCo','Dorival Jr, Cruzeiro, Negociação',20,11,'2019-08-09 02:19:08'),(114,'Rafaela Silva, campeã de tudo no judô','Em seu terceiro Pan, depois de prata e bronze, campeã olímpica supera dominicana Ana Rosa por ippon na final e conquista ouro que faltava na carreira','O segundo dia do judô nos Jogos Pan-Americanos teve Brasil x República Dominicana em dose dupla, em duas das três finais desta sexta-feira. Rafaela Silva encarou Ana Rosa no peso até 57kg enquanto Daniel Cargnin enfrentou Wander Mateo até 66kg. A campeã olímpica na Rio 2016 levou pouco mais de um minuto para aplicar o ippon e levar o ouro que faltava em sua carreira. Na primeira decisão, Cagnin tinha perdido para Mateo por waza-ari a menos de um minuto para o fim da luta. O terceiro brasileiro em ação no dia, Jeferson Santos Jr., o Juninho Bomba, levou o bronze ao derrotar o mexicano Eduardo Araujo.\r\n\r\n- Com certeza (era a medalha que estava faltando na coleção). Eu estava me cobrando tinha um tempo. No primeiro Pan-Americano eu fui prata, nos últimos Jogos (do Pan) eu fui bronze. O ouro eu não tinha, não cheguei perto. Então era uma coisa que vinha cutucando na minha cabeça. Jogos Pan-americanos são sempre amarrados, estou muito feliz com meu resultado. Quis vir também como preparação para o Mundial. Sou muito competitiva. Se puder competir todo fim de semana, eu competiria. Difícil falar que foi fácil, mas é resultado do trabalho que venho fazendo no tatame - afirmou ao SporTV.','img/noticias/2019.08.09-23.17.17.jpg','https://www.youtube.com/watch?v=-FrXy3udiCo','Rafaela Silva, Judo, Campeã',20,12,'2019-08-09 23:17:17'),(116,'ALESSANDRA NEGRINI POSA DE LINGERIE','NÃO SEI O QUE É MATURIDADE','Perto de completar 49 anos, no fim deste mês, Alessandra Negrini esbanja beleza e sensualidade no ensaio para a revista \"Joyce Pascowitch\". Numa das imagens, a atriz surge de lingerie e cinta-liga.\r\n\r\nCom o passar do tempo, Alessandra diz que ganhou alguns aprendizados, como deixar de se cobrar tanto: \"Não sei o que é maturidade, na real. Acho que eu era mais tensa. Hoje, deixo a vida me levar um pouco mais. Isso é bom…”.','img/noticias/2019.08.10-01.32.53.jpg','https://www.youtube.com/watch?v=-FrXy3udiCo','Alessaandra Negrini, Maturidade, Lingerie',24,4,'2019-08-10 01:32:53'),(117,'Capitão compara excessos da mídia aos da polícia','Presidente Jair, que vergonha ...','Numa de suas já tradicionais entrevistas na saída do palácio residencial do Alvorada, Jair Boolsonaro declarou nesta sexta-feira: \"Se o excesso jornalístico desse cadeia, todos vocês estariam presos agora, tá certo?\". Absteve-se de definir \"excesso\". Mas ficou subentendido que comparava abusos cometidos por jornalistas a execuções praticadas por policiais em serviço. A analogia ficou clara porque a frase de Bolsonaro foi servida aos repórteres nas pegadas de uma explicação do ministro Sergio Moro (Justiça) sobre o chamado excludente de ilicitude. Trata-se de uma obsessão do capitão, que Moro incluiu no pacote anticrime. Prevê que um juiz poderá deixar de impor uma pena ao policial que mata quanto \"o excesso decorrer de escusável medo, surpresa ou violenta emoção\". Foi como se Bolsonaro declarasse, com outras palavras: \"A imprensa comete excessos contra mim a todo instante. Nem por isso os jornalistas vão para a cadeia. Por que um policial que age em legítima defesa deveria ser condenado a prisão?\" Num ponto, Bolsonaro tem razão: o batalhão da imprensa também está sujeito a agir sob os efeitos de \"escusável medo, surpresa ou violenta emoção\". Mas o presidente pode ficar tranquilo, porque há uma diferença sibilina: diante de um teclado, uma câmera ou um microfone, jornalista não atira para matar....','img/noticias/2019.08.10-01.39.06.jpg','https://www.youtube.com/watch?v=-FrXy3udiCo','Bolsonaro, Polícia. Crime',25,4,'2019-08-10 01:39:06'),(118,'Lançamentos no cinema','No cinema, filmes retratam facetas do comportamento humano','Cante junto\r\nDono de uma voz poderosa, Wilson Simonal fez sucesso nos anos 1960 e 1970 com performances inconfundíveis. O longa Simonal mostra não só o auge mas as inseguranças do artista e como elas abalaram a possibilidade de uma carreira longeva.\r\n\r\nCom estreia dia 8 de agosto, tem Fabrício Boliveira no papel do cantor e Ísis Valverde interpretando sua esposa, Tereza. “Quis retratar o Simonal também por meio do meu corpo. Para isso, fiz aulas de canto, sessões de fonoaudiologia e ensaiei bastante as coreografias com profissionais. Acho que o Brasil merece esse registro da história de uma figura tão importante”, disse Fabrício com exclusividade a CLAUDIA.\r\n\r\nTentativa de sobrevivência\r\nApós conquistar o Prêmio do Júri no Festival de Cannes, Bacurau finalmente estreia no Brasil. Fruto de uma década de trabalho dos diretores Kleber Mendonça Filho e Juliano Dornelles, a trama se passa em um pequeno povoado fictício no sertão pernambucano, onde a morte de uma moradora querida desencadeia uma sucessão de acontecimentos misteriosos.\r\n\r\nCom Sonia Braga no elenco, o longa distópico mostra a luta de um povo contra seu extermínio. “É um filme sobre resistência, educação e sobre ser brasileiro no mundo”, declarou Kleber ao final da exibição na França.','img/noticias/2019.08.10-01.41.39.jpg','https://www.youtube.com/watch?v=-FrXy3udiCo','Cinema, Lançamento, Filmes',26,4,'2019-08-10 01:41:39'),(119,'Isso é um teste','Testando','asdsgdfgsdfg','img/noticias/2019.08.11-01.44.39.jpg','https://www.youtube.com/watch?v=-FrXy3udiCo','Teste, teste, teste',21,1,'2019-08-11 01:44:39'),(120,'testezim','açldkasd','Sai comendo raimundão','img/noticias/2019.08.11-02.49.11.jpg','https://www.youtube.com/watch?v=-FrXy3udiCo','Teste, teste, teste',24,1,'2019-08-11 02:49:11'),(121,'Mais um teste as','asdasdasd','asdasdasasd','img/noticias/2019.08.11-02.56.06.jpg','https://www.youtube.com/watch?v=-FrXy3udiCo','Teste, teste, teste',24,1,'2019-08-11 02:56:06'),(122,'Mais um teste as','asdasdasd','asdasdasasd','img/noticias/2019.08.11-02.57.33.jpg','https://www.youtube.com/watch?v=-FrXy3udiCo','Teste, teste, teste',24,1,'2019-08-11 02:57:33'),(123,'asdwe','arrsdf','asd','img/noticias/2019.08.11-03.02.33.jpg','https://www.youtube.com/watch?v=-FrXy3udiCo','Teste, teste, teste',25,1,'2019-08-11 03:02:33'),(124,'asdwe','arrsdf','asd','img/noticias/2019.08.11-03.02.40.jpg','https://www.youtube.com/watch?v=-FrXy3udiCo','Teste, teste, teste',25,1,'2019-08-11 03:02:40'),(125,'asdwe','arrsdf','asd','img/noticias/2019.08.11-03.16.46.jpg','https://www.youtube.com/watch?v=-FrXy3udiCo','Teste, teste, teste',24,1,'2019-08-11 03:16:46'),(126,'Nós usamos publicação científica, não balela','Diz ex-diretor do Inpe a ministro do Meio Ambiente','<p>&nbsp; &nbsp; &nbsp; Em meio ao descontentamento do governo com os n&uacute;meros publicados sobre o desmatamento da Amaz&ocirc;nia, o ministro do Meio Ambiente Ricardo Salles e Ricardo Galv&atilde;o, ex-diretor do Inpe (Instituto Nacional de Pesquisas Espaciais),&nbsp;<a href=\"https://globosatplay.globo.com/globonews/v/7834949/\">trocaram acusa&ccedil;&otilde;es no programa Painel, da GloboNews</a>, comandado por Renata Lo Prete, exibido na noite de s&aacute;bado, 10.</p><p>&nbsp; &nbsp; &nbsp;&nbsp;<a href=\"https://g1.globo.com/natureza/noticia/2019/08/07/exoneracao-de-diretor-do-inpe-e-publicada-no-diario-oficial.ghtml\">Alvo de duras cr&iacute;ticas do presidente Jair Bolsonaro por seu trabalho &agrave; frente do Inpe</a>, Ricardo Galv&atilde;o voltou a defender os dados e a metodologia do instituto. &ldquo;Um programa de desenvolvimento sustent&aacute;vel tem que ser articulado entre a academia, empresas e governo. O que n&oacute;s usamos &eacute; publica&ccedil;&atilde;o cient&iacute;fica. Fui ver trabalho cient&iacute;fico, n&atilde;o balela, n&atilde;o coisa de jornalzinho, de Twitter&rdquo;, afirmou.</p><p>&nbsp; &nbsp; &nbsp; O ex-diretor do Inpe tamb&eacute;m&nbsp;<a href=\"https://g1.globo.com/sp/vale-do-paraiba-regiao/noticia/2019/07/20/diretor-do-inpe-nega-acusacoes-de-bolsonaro-reafirma-dados-sobre-desmatamento-e-diz-que-nao-deixara-cargo.ghtml\">voltou a condenar a postura</a>&nbsp;do presidente afirmando que &quot;qualquer dirigente de um pa&iacute;s tem que entender que, quando se trata de quest&otilde;es cient&iacute;ficas, n&atilde;o existe autoridade acima da soberania da ci&ecirc;ncia. Nem militar, nem pol&iacute;tica nem religiosa&rdquo;. O ministro Ricardo Salles criticou a declara&ccedil;&atilde;o de Galv&atilde;o. &ldquo;O problema &eacute; quando a ideologia est&aacute; disfar&ccedil;ada dentro da ci&ecirc;ncia&rdquo;, respondeu. &ldquo;O que n&oacute;s vemos h&aacute; muito tempo &eacute; a ci&ecirc;ncia se arrogando do direito de dizer isso ou aquilo&rdquo;.</p><p>&nbsp; &nbsp; &nbsp; &ldquo;H&aacute; um grau de aparelhamento dessas institui&ccedil;&otilde;es. A sua postura com o presidente mostrou isso, a forma como o senhor se referiu ao presidente da Rep&uacute;blica&rdquo;, disse Salles, afirmando que Galv&atilde;o havia sido desrespeitoso com Bolsonaro. &ldquo;Desrespeitoso foi o presidente da Rep&uacute;blica com a ci&ecirc;ncia brasileira&rdquo;, rebateu o ex-diretor do Inpe. &ldquo;Ele falou categoricamente que os dados do Inpe s&atilde;o mentirosos. Ele est&aacute; acusando todos os cientistas do Inpe de terem cometido crime de falsidade ideol&oacute;gica&rdquo;.</p>','img/noticias/2019.08.11-16.04.47.jpg','https://www.youtube.com/watch?v=-FrXy3udiCo','Meio ambiente, INPE, Amazônia',21,1,'2019-08-11 16:04:47'),(127,'Nós usamos publicação científica, não balela 2','Diz ex-diretor do Inpe a ministro do Meio Ambiente','<p>&nbsp; &nbsp; &nbsp; Em meio ao descontentamento do governo com os n&uacute;meros publicados sobre o desmatamento da Amaz&ocirc;nia, o ministro do Meio Ambiente Ricardo Salles e Ricardo Galv&atilde;o, ex-diretor do Inpe (Instituto Nacional de Pesquisas Espaciais),&nbsp;<a href=\"https://globosatplay.globo.com/globonews/v/7834949/\">trocaram acusa&ccedil;&otilde;es no programa Painel, da GloboNews</a>, comandado por Renata Lo Prete, exibido na noite de s&aacute;bado, 10.</p><p>&nbsp; &nbsp; &nbsp;&nbsp;<a href=\"https://g1.globo.com/natureza/noticia/2019/08/07/exoneracao-de-diretor-do-inpe-e-publicada-no-diario-oficial.ghtml\">Alvo de duras cr&iacute;ticas do presidente Jair Bolsonaro por seu trabalho &agrave; frente do Inpe</a>, Ricardo Galv&atilde;o voltou a defender os dados e a metodologia do instituto. &ldquo;Um programa de desenvolvimento sustent&aacute;vel tem que ser articulado entre a academia, empresas e governo. O que n&oacute;s usamos &eacute; publica&ccedil;&atilde;o cient&iacute;fica. Fui ver trabalho cient&iacute;fico, n&atilde;o balela, n&atilde;o coisa de jornalzinho, de Twitter&rdquo;, afirmou.</p><p>&nbsp; &nbsp; &nbsp; O ex-diretor do Inpe tamb&eacute;m&nbsp;<a href=\"https://g1.globo.com/sp/vale-do-paraiba-regiao/noticia/2019/07/20/diretor-do-inpe-nega-acusacoes-de-bolsonaro-reafirma-dados-sobre-desmatamento-e-diz-que-nao-deixara-cargo.ghtml\">voltou a condenar a postura</a>&nbsp;do presidente afirmando que &quot;qualquer dirigente de um pa&iacute;s tem que entender que, quando se trata de quest&otilde;es cient&iacute;ficas, n&atilde;o existe autoridade acima da soberania da ci&ecirc;ncia. Nem militar, nem pol&iacute;tica nem religiosa&rdquo;. O ministro Ricardo Salles criticou a declara&ccedil;&atilde;o de Galv&atilde;o. &ldquo;O problema &eacute; quando a ideologia est&aacute; disfar&ccedil;ada dentro da ci&ecirc;ncia&rdquo;, respondeu. &ldquo;O que n&oacute;s vemos h&aacute; muito tempo &eacute; a ci&ecirc;ncia se arrogando do direito de dizer isso ou aquilo&rdquo;.</p><p>&nbsp; &nbsp; &nbsp; &ldquo;H&aacute; um grau de aparelhamento dessas institui&ccedil;&otilde;es. A sua postura com o presidente mostrou isso, a forma como o senhor se referiu ao presidente da Rep&uacute;blica&rdquo;, disse Salles, afirmando que Galv&atilde;o havia sido desrespeitoso com Bolsonaro. &ldquo;Desrespeitoso foi o presidente da Rep&uacute;blica com a ci&ecirc;ncia brasileira&rdquo;, rebateu o ex-diretor do Inpe. &ldquo;Ele falou categoricamente que os dados do Inpe s&atilde;o mentirosos. Ele est&aacute; acusando todos os cientistas do Inpe de terem cometido crime de falsidade ideol&oacute;gica&rdquo;.</p>','img/noticias/2019.08.11-16.12.17.jpg','https://www.youtube.com/watch?v=-FrXy3udiCo','Meio ambiente, INPE, Amazônia',21,1,'2019-08-11 16:12:17'),(128,'Nós usamos publicação científica, não balela 3','Diz ex-diretor do Inpe a ministro do Meio Ambiente','<p>&nbsp; &nbsp; &nbsp; Em meio ao descontentamento do governo com os n&uacute;meros publicados sobre o desmatamento da Amaz&ocirc;nia, o ministro do Meio Ambiente Ricardo Salles e Ricardo Galv&atilde;o, ex-diretor do Inpe (Instituto Nacional de Pesquisas Espaciais),&nbsp;<a href=\"https://globosatplay.globo.com/globonews/v/7834949/\">trocaram acusa&ccedil;&otilde;es no programa Painel, da GloboNews</a>, comandado por Renata Lo Prete, exibido na noite de s&aacute;bado, 10.</p><p>&nbsp; &nbsp; &nbsp;&nbsp;<a href=\"https://g1.globo.com/natureza/noticia/2019/08/07/exoneracao-de-diretor-do-inpe-e-publicada-no-diario-oficial.ghtml\">Alvo de duras cr&iacute;ticas do presidente Jair Bolsonaro por seu trabalho &agrave; frente do Inpe</a>, Ricardo Galv&atilde;o voltou a defender os dados e a metodologia do instituto. &ldquo;Um programa de desenvolvimento sustent&aacute;vel tem que ser articulado entre a academia, empresas e governo. O que n&oacute;s usamos &eacute; publica&ccedil;&atilde;o cient&iacute;fica. Fui ver trabalho cient&iacute;fico, n&atilde;o balela, n&atilde;o coisa de jornalzinho, de Twitter&rdquo;, afirmou.</p><p>&nbsp; &nbsp; &nbsp; O ex-diretor do Inpe tamb&eacute;m&nbsp;<a href=\"https://g1.globo.com/sp/vale-do-paraiba-regiao/noticia/2019/07/20/diretor-do-inpe-nega-acusacoes-de-bolsonaro-reafirma-dados-sobre-desmatamento-e-diz-que-nao-deixara-cargo.ghtml\">voltou a condenar a postura</a>&nbsp;do presidente afirmando que &quot;qualquer dirigente de um pa&iacute;s tem que entender que, quando se trata de quest&otilde;es cient&iacute;ficas, n&atilde;o existe autoridade acima da soberania da ci&ecirc;ncia. Nem militar, nem pol&iacute;tica nem religiosa&rdquo;. O ministro Ricardo Salles criticou a declara&ccedil;&atilde;o de Galv&atilde;o. &ldquo;O problema &eacute; quando a ideologia est&aacute; disfar&ccedil;ada dentro da ci&ecirc;ncia&rdquo;, respondeu. &ldquo;O que n&oacute;s vemos h&aacute; muito tempo &eacute; a ci&ecirc;ncia se arrogando do direito de dizer isso ou aquilo&rdquo;.</p><p>&nbsp; &nbsp; &nbsp; &ldquo;H&aacute; um grau de aparelhamento dessas institui&ccedil;&otilde;es. A sua postura com o presidente mostrou isso, a forma como o senhor se referiu ao presidente da Rep&uacute;blica&rdquo;, disse Salles, afirmando que Galv&atilde;o havia sido desrespeitoso com Bolsonaro. &ldquo;Desrespeitoso foi o presidente da Rep&uacute;blica com a ci&ecirc;ncia brasileira&rdquo;, rebateu o ex-diretor do Inpe. &ldquo;Ele falou categoricamente que os dados do Inpe s&atilde;o mentirosos. Ele est&aacute; acusando todos os cientistas do Inpe de terem cometido crime de falsidade ideol&oacute;gica&rdquo;.</p>','img/noticias/2019.08.11-16.13.11.jpg','https://www.youtube.com/watch?v=-FrXy3udiCo','Meio ambiente, INPE, Amazônia',21,1,'2019-08-11 16:13:11'),(129,'Nós usamos publicação científica, não balela 4','Diz ex-diretor do Inpe a ministro do Meio Ambiente','<p>&nbsp; &nbsp; &nbsp; Em meio ao descontentamento do governo com os n&uacute;meros publicados sobre o desmatamento da Amaz&ocirc;nia, o ministro do Meio Ambiente Ricardo Salles e Ricardo Galv&atilde;o, ex-diretor do Inpe (Instituto Nacional de Pesquisas Espaciais),&nbsp;<a href=\"https://globosatplay.globo.com/globonews/v/7834949/\">trocaram acusa&ccedil;&otilde;es no programa Painel, da GloboNews</a>, comandado por Renata Lo Prete, exibido na noite de s&aacute;bado, 10.</p><p>&nbsp; &nbsp; &nbsp;&nbsp;<a href=\"https://g1.globo.com/natureza/noticia/2019/08/07/exoneracao-de-diretor-do-inpe-e-publicada-no-diario-oficial.ghtml\">Alvo de duras cr&iacute;ticas do presidente Jair Bolsonaro por seu trabalho &agrave; frente do Inpe</a>, Ricardo Galv&atilde;o voltou a defender os dados e a metodologia do instituto. &#39;Um programa de desenvolvimento sustent&aacute;vel tem que ser articulado entre a academia, empresas e governo. O que n&oacute;s usamos &eacute; publica&ccedil;&atilde;o cient&iacute;fica. Fui ver trabalho cient&iacute;fico, n&atilde;o balela, n&atilde;o coisa de jornalzinho, de Twitter&#39;, afirmou.</p><p>&nbsp; &nbsp; &nbsp; O ex-diretor do Inpe tamb&eacute;m&nbsp;<a href=\"https://g1.globo.com/sp/vale-do-paraiba-regiao/noticia/2019/07/20/diretor-do-inpe-nega-acusacoes-de-bolsonaro-reafirma-dados-sobre-desmatamento-e-diz-que-nao-deixara-cargo.ghtml\">voltou a condenar a postura</a>&nbsp;do presidente afirmando que &#39;qualquer dirigente de um pa&iacute;s tem que entender que, quando se trata de quest&otilde;es cient&iacute;ficas, n&atilde;o existe autoridade acima da soberania da ci&ecirc;ncia. Nem militar, nem pol&iacute;tica nem religiosa&rdquo;. O ministro Ricardo Salles criticou a declara&ccedil;&atilde;o de Galv&atilde;o. &ldquo;O problema &eacute; quando a ideologia est&aacute; disfar&ccedil;ada dentro da ci&ecirc;ncia&rdquo;, respondeu. &ldquo;O que n&oacute;s vemos h&aacute; muito tempo &eacute; a ci&ecirc;ncia se arrogando do direito de dizer isso ou aquilo&#39;.</p><p>&nbsp; &nbsp; &nbsp; &#39;H&aacute; um grau de aparelhamento dessas institui&ccedil;&otilde;es. A sua postura com o presidente mostrou isso, a forma como o senhor se referiu ao presidente da Rep&uacute;blica&#39;, disse Salles, afirmando que Galv&atilde;o havia sido desrespeitoso com Bolsonaro. &#39;Desrespeitoso foi o presidente da Rep&uacute;blica com a ci&ecirc;ncia brasileira&#39;, rebateu o ex-diretor do Inpe. &#39;Ele falou categoricamente que os dados do Inpe s&atilde;o mentirosos. Ele est&aacute; acusando todos os cientistas do Inpe de terem cometido crime de falsidade ideol&oacute;gica&#39;.</p>','img/noticias/2019.08.11-16.15.28.jpg','https://www.youtube.com/watch?v=-FrXy3udiCo','Meio ambiente, INPE, Amazônia',21,1,'2019-08-11 16:15:28'),(130,'Nós usamos publicação científica, não balela 4','Diz ex-diretor do Inpe a ministro do Meio Ambiente','<p>&nbsp; &nbsp; &nbsp; Em meio ao descontentamento do governo com os n&uacute;meros publicados sobre o desmatamento da Amaz&ocirc;nia, o ministro do Meio Ambiente Ricardo Salles e Ricardo Galv&atilde;o, ex-diretor do Inpe (Instituto Nacional de Pesquisas Espaciais),&nbsp;<a href=\"https://globosatplay.globo.com/globonews/v/7834949/\">trocaram acusa&ccedil;&otilde;es no programa Painel, da GloboNews</a>, comandado por Renata Lo Prete, exibido na noite de s&aacute;bado, 10.</p><p>&nbsp; &nbsp; &nbsp;&nbsp;<a href=\"https://g1.globo.com/natureza/noticia/2019/08/07/exoneracao-de-diretor-do-inpe-e-publicada-no-diario-oficial.ghtml\">Alvo de duras cr&iacute;ticas do presidente Jair Bolsonaro por seu trabalho &agrave; frente do Inpe</a>, Ricardo Galv&atilde;o voltou a defender os dados e a metodologia do instituto. &#39;Um programa de desenvolvimento sustent&aacute;vel tem que ser articulado entre a academia, empresas e governo. O que n&oacute;s usamos &eacute; publica&ccedil;&atilde;o cient&iacute;fica. Fui ver trabalho cient&iacute;fico, n&atilde;o balela, n&atilde;o coisa de jornalzinho, de Twitter&#39;, afirmou.</p><p>&nbsp; &nbsp; &nbsp; O ex-diretor do Inpe tamb&eacute;m&nbsp;<a href=\"https://g1.globo.com/sp/vale-do-paraiba-regiao/noticia/2019/07/20/diretor-do-inpe-nega-acusacoes-de-bolsonaro-reafirma-dados-sobre-desmatamento-e-diz-que-nao-deixara-cargo.ghtml\">voltou a condenar a postura</a>&nbsp;do presidente afirmando que &#39;qualquer dirigente de um pa&iacute;s tem que entender que, quando se trata de quest&otilde;es cient&iacute;ficas, n&atilde;o existe autoridade acima da soberania da ci&ecirc;ncia. Nem militar, nem pol&iacute;tica nem religiosa&#39;. O ministro Ricardo Salles criticou a declara&ccedil;&atilde;o de Galv&atilde;o. &#39;O problema &eacute; quando a ideologia est&aacute; disfar&ccedil;ada dentro da ci&ecirc;ncia&#39;, respondeu. &#39;O que n&oacute;s vemos h&aacute; muito tempo &eacute; a ci&ecirc;ncia se arrogando do direito de dizer isso ou aquilo&#39;.</p><p>&nbsp; &nbsp; &nbsp; &#39;H&aacute; um grau de aparelhamento dessas institui&ccedil;&otilde;es. A sua postura com o presidente mostrou isso, a forma como o senhor se referiu ao presidente da Rep&uacute;blica&#39;, disse Salles, afirmando que Galv&atilde;o havia sido desrespeitoso com Bolsonaro. &#39;Desrespeitoso foi o presidente da Rep&uacute;blica com a ci&ecirc;ncia brasileira&#39;, rebateu o ex-diretor do Inpe. &#39;Ele falou categoricamente que os dados do Inpe s&atilde;o mentirosos. Ele est&aacute; acusando todos os cientistas do Inpe de terem cometido crime de falsidade ideol&oacute;gica&#39;.</p>','img/noticias/2019.08.11-16.16.49.jpg','https://www.youtube.com/watch?v=-FrXy3udiCo','Meio ambiente, INPE, Amazônia',21,1,'2019-08-11 16:16:49'),(131,'Nós usamos publicação científica, não balela 4','Diz ex-diretor do Inpe a ministro do Meio Ambiente','<ul><li><strong>Um programa de desenvolviment</strong>o sustent&aacute;vel tem que ser articulado entre a academia, empresas e governo. O que n&oacute;s usamos &eacute; publica&ccedil;&atilde;o cient&iacute;fica. Fui ver trabalho cient&iacute;fico, n&atilde;o balela<em>, n&atilde;o coisa de jornalzinho, de Twitter</em></li></ul>','img/noticias/2019.08.11-16.19.19.jpg','https://www.youtube.com/watch?v=-FrXy3udiCo','Meio ambiente, INPE, Amazônia',21,1,'2019-08-11 16:19:19'),(132,'Nós usamos publicação científica, não balela 4','Diz ex-diretor do Inpe a ministro do Meio Ambiente','<ul><li><strong>Um programa de desenvolviment</strong>o sustent&aacute;&quot;vel tem que ser&quot; articulado entre a academia, empresas e governo. O que n&oacute;s usamos &eacute; publica&ccedil;&atilde;o cient&iacute;fica. Fui ver trabalho cient&iacute;fico, n&atilde;o balela<em>, n&atilde;o coisa de jornalzinho, de Twitter</em></li></ul>','img/noticias/2019.08.11-16.19.52.jpg','https://www.youtube.com/watch?v=-FrXy3udiCo','Meio ambiente, INPE, Amazônia',21,1,'2019-08-11 16:19:52'),(133,'Nós usamos publicação científica, não balela 5','Diz ex-diretor do Inpe a ministro do Meio Ambiente','<p>&nbsp; &nbsp; &nbsp;O ex-diretor do Inpe tamb&eacute;m&nbsp;<a href= olá https://g1.globo.com/sp/vale-do-paraiba-regiao/noticia/2019/07/20/diretor-do-inpe-nega-acusacoes-de-bolsonaro-reafirma-dados-sobre-desmatamento-e-diz-que-nao-deixara-cargo.ghtml olá >voltou a condenar a postura</a>&nbsp;do presidente afirmando que &quot;qualquer dirigente de um pa&iacute;s tem que entender que, quando se trata de quest&otilde;es cient&iacute;ficas, n&atilde;o existe autoridade acima da soberania da ci&ecirc;ncia. Nem militar, nem pol&iacute;tica nem religiosa&rdquo;. O ministro Ricardo Salles criticou a declara&ccedil;&atilde;o de Galv&atilde;o. &ldquo;O problema &eacute; quando a ideologia est&aacute; disfar&ccedil;ada dentro da ci&ecirc;ncia&rdquo;, respondeu. &ldquo;O que n&oacute;s vemos h&aacute; muito tempo &eacute; a ci&ecirc;ncia se arrogando do direito de dizer isso ou aquilo&rdquo;.</p><p>&nbsp; &nbsp; &nbsp; &ldquo;H&aacute; um grau de aparelhamento dessas institui&ccedil;&otilde;es. A sua postura com o presidente mostrou isso, a forma como o senhor se referiu ao presidente da Rep&uacute;blica&rdquo;, disse Salles, afirmando que Galv&atilde;o havia sido desrespeitoso com Bolsonaro. &ldquo;Desrespeitoso foi o presidente da Rep&uacute;blica com a ci&ecirc;ncia brasileira&rdquo;, rebateu o ex-diretor do Inpe. &ldquo;Ele falou categoricamente que os dados do Inpe s&atilde;o mentirosos. Ele est&aacute; acusando todos os cientistas do Inpe de terem cometido crime de falsidade ideol&oacute;gica&rdquo;.</p><p>&nbsp;</p>','img/noticias/2019.08.11-16.20.44.jpg','https://www.youtube.com/watch?v=-FrXy3udiCo','Meio ambiente, INPE, Amazônia',21,1,'2019-08-11 16:20:44'),(135,'Nós usamos publicação científica, não balela 8','Diz ex-diretor do Inpe a ministro do Meio Ambiente','<p>Em meio ao descontentamento do governo com os n&uacute;meros publicados sobre o desmatamento da Amaz&ocirc;nia, o ministro do Meio Ambiente Ricardo Salles e Ricardo Galv&atilde;o, ex-diretor do Inpe (Instituto Nacional de Pesquisas Espaciais), trocaram acusa&ccedil;&otilde;es, comandado por Renata Lo Prete, exibido na noite de s&aacute;bado, 10.</p><p>Ricardo Galv&atilde;o voltou a defender os dados e a metodologia do instituto. &ldquo;Um programa de desenvolvimento sustent&aacute;vel tem que ser articulado entre a academia, empresas e governo. O que n&oacute;s usamos &eacute; publica&ccedil;&atilde;o cient&iacute;fica. Fui ver trabalho cient&iacute;fico, n&atilde;o balela, n&atilde;o coisa de jornalzinho, de Twitter&rdquo;, afirmou.</p><p>O ex-diretor do Inpe tamb&eacute;m&nbsp;do presidente afirmando que &quot;qualquer dirigente de um pa&iacute;s tem que entender que, quando se trata de quest&otilde;es cient&iacute;ficas,</p><p>n&atilde;o existe autoridade acima da soberania da ci&ecirc;ncia. Nem militar, nem pol&iacute;tica nem religiosa&rdquo;. O ministro Ricardo Salles criticou a declara&ccedil;&atilde;o de Galv&atilde;o. &ldquo;O problema &eacute; quando a ideologia est&aacute; disfar&ccedil;ada dentro da ci&ecirc;ncia&rdquo;, respondeu. &ldquo;O que n&oacute;s vemos h&aacute; muito tempo &eacute; a ci&ecirc;ncia se arrogando do direito de dizer isso ou aquilo&rdquo;.</p><p>&ldquo;H&aacute; um grau de aparelhamento dessas institui&ccedil;&otilde;es. A sua postura com o presidente mostrou isso, a forma como o senhor se referiu ao presidente da Rep&uacute;blica&rdquo;, disse Salles, afirmando que Galv&atilde;o havia sido desrespeitoso com Bolsonaro. &ldquo;Desrespeitoso foi o presidente da Rep&uacute;blica com a ci&ecirc;ncia brasileira&rdquo;, rebateu o ex-diretor do Inpe. &ldquo;Ele falou categoricamente que os dados do Inpe s&atilde;o mentirosos. Ele est&aacute; acusando todos os cientistas do Inpe de terem cometido crime de falsidade ideol&oacute;gica&rdquo;.</p>','img/noticias/2019.08.11-16.25.52.jpg','https://www.youtube.com/watch?v=-FrXy3udiCo','Meio ambiente, INPE, Amazônia',21,1,'2019-08-11 16:25:52'),(136,'Nós usamos publicação científica, não balela 8','Diz ex-diretor do Inpe a ministro do Meio Ambiente','<p>Em meio ao descontentamento do governo com os n&uacute;meros publicados sobre o desmatamento da Amaz&ocirc;nia, o ministro do Meio Ambiente Ricardo Salles e Ricardo Galv&atilde;o, ex-diretor do Inpe (Instituto Nacional de Pesquisas Espaciais),&nbsp;<a href=\'https://globosatplay.globo.com/globonews/v/7834949/\'>trocaram acusa&ccedil;&otilde;es no programa Painel, da GloboNews</a>, comandado por Renata Lo Prete, exibido na noite de s&aacute;bado, 10.</p><p><a href=\'https://g1.globo.com/natureza/noticia/2019/08/07/exoneracao-de-diretor-do-inpe-e-publicada-no-diario-oficial.ghtml\'>Alvo de duras cr&iacute;ticas do presidente Jair Bolsonaro por seu trabalho &agrave; frente do Inpe</a>, Ricardo Galv&atilde;o voltou a defender os dados e a metodologia do instituto. &ldquo;Um programa de desenvolvimento sustent&aacute;vel tem que ser articulado entre a academia, empresas e governo. O que n&oacute;s usamos &eacute; publica&ccedil;&atilde;o cient&iacute;fica. Fui ver trabalho cient&iacute;fico, n&atilde;o balela, n&atilde;o coisa de jornalzinho, de Twitter&rdquo;, afirmou.</p><p>O ex-diretor do Inpe tamb&eacute;m&nbsp;<a href=\'https://g1.globo.com/sp/vale-do-paraiba-regiao/noticia/2019/07/20/diretor-do-inpe-nega-acusacoes-de-bolsonaro-reafirma-dados-sobre-desmatamento-e-diz-que-nao-deixara-cargo.ghtml\'>voltou a condenar a postura</a>&nbsp;do presidente afirmando que &quot;qualquer dirigente de um pa&iacute;s tem que entender que, quando se trata de quest&otilde;es cient&iacute;ficas, n&atilde;o existe autoridade acima da soberania da ci&ecirc;ncia. Nem militar, nem pol&iacute;tica nem religiosa&rdquo;. O ministro Ricardo Salles criticou a declara&ccedil;&atilde;o de Galv&atilde;o. &ldquo;O problema &eacute; quando a ideologia est&aacute; disfar&ccedil;ada dentro da ci&ecirc;ncia&rdquo;, respondeu. &ldquo;O que n&oacute;s vemos h&aacute; muito tempo &eacute; a ci&ecirc;ncia se arrogando do direito de dizer isso ou aquilo&rdquo;.</p><p>&ldquo;H&aacute; um grau de aparelhamento dessas institui&ccedil;&otilde;es. A sua postura com o presidente mostrou isso, a forma como o senhor se referiu ao presidente da Rep&uacute;blica&rdquo;, disse Salles, afirmando que Galv&atilde;o havia sido desrespeitoso com Bolsonaro. &ldquo;Desrespeitoso foi o presidente da Rep&uacute;blica com a ci&ecirc;ncia brasileira&rdquo;, rebateu o ex-diretor do Inpe. &ldquo;Ele falou categoricamente que os dados do Inpe s&atilde;o mentirosos. Ele est&aacute; acusando todos os cientistas do Inpe de terem cometido crime de falsidade ideol&oacute;gica&rdquo;.</p>','img/noticias/2019.08.11-16.39.35.jpg','https://www.youtube.com/watch?v=-FrXy3udiCo','Meio ambiente, INPE, Amazônia',21,1,'2019-08-11 16:39:35'),(137,'Servidores da Câmara tem desconto no salário','Levantamento indica que 51,2% dos deputados tiveram abatimento no salário por falta','<p>&nbsp; &nbsp; &nbsp; No primeiro semestre de atividades na C&acirc;mara, 271 dos 529 deputados federais que em algum momento exerceram o mandato nesta legislatura sofreram desconto no sal&aacute;rio por aus&ecirc;ncia em sess&otilde;es deliberativas &ndash; aquelas em que h&aacute; vota&ccedil;&otilde;es (tanto nominais quanto simb&oacute;licas). Somados os descontos, a C&acirc;mara deixou de pagar R$ 1.199.641,82 a deputados pelas faltas.</p><p>Os dados s&atilde;o do primeiro semestre legislativo, que abrange o per&iacute;odo que vai de 1&ordm; de fevereiro a 12 de julho deste ano. O levantamento foi obtido pelo&nbsp;<strong>G1</strong>&nbsp;por meio da Lei de Acesso &agrave; Informa&ccedil;&atilde;o da C&acirc;mara dos Deputados.</p><p>Foram realizadas 86 sess&otilde;es deliberativas no primeiro semestre legislativo, segundo dados da C&acirc;mara. A m&eacute;dia foi de 14,3 sess&otilde;es deliberativas por m&ecirc;s.</p><p>O valor de desconto pela aus&ecirc;ncia em uma sess&atilde;o deliberativa depende do n&uacute;mero de sess&otilde;es deliberativas que ocorreram naquele m&ecirc;s. O c&aacute;lculo &eacute; feito pela divis&atilde;o de R$ 21.101,88 (62,5% da remunera&ccedil;&atilde;o mensal) pelo n&uacute;mero de sess&otilde;es deliberativas no m&ecirc;s. A remunera&ccedil;&atilde;o mensal bruta de um deputado &eacute; R$ 33.763,00.</p><p>N&atilde;o h&aacute; desconto no sal&aacute;rio, por&eacute;m, caso o deputado esteja em miss&atilde;o oficial autorizada pela Mesa Diretora da Casa. Tamb&eacute;m n&atilde;o h&aacute; abatimento caso o deputado comprove, por atestado, doen&ccedil;a, licen&ccedil;a-maternidade, licen&ccedil;a-paternidade ou morte de um familiar.</p><p>A justificativa pode ser apresentada em at&eacute; 30 dias ap&oacute;s a aus&ecirc;ncia ou a qualquer momento em caso de licen&ccedil;a m&eacute;dica.</p><p>O artigo 55 da Constitui&ccedil;&atilde;o Federal diz ainda que o deputado pode perder o mandato caso se ausente de, no m&iacute;nimo, 1/3 das sess&otilde;es ordin&aacute;rias em cada sess&atilde;o legislativa (um ano de atividades). Para esse c&aacute;lculo, por&eacute;m, s&atilde;o desconsideradas licen&ccedil;as ou miss&otilde;es oficiais autorizadas pela Mesa Diretora.</p><p>&nbsp;</p>','img/noticias/2019.08.11-20.03.09.jpg','https://www.youtube.com/watch?v=GqH7o3TUQFg','Deputados, Câmara, Dinheiro',17,1,'2019-08-11 20:03:09'),(138,'Servidores da Câmara tem desconto no salário 2','Levantamento indica que 51,2% dos deputados tiveram abatimento no salário por falta','<p>&nbsp; &nbsp; &nbsp; No primeiro semestre de atividades na C&acirc;mara, 271 dos 529 deputados federais que em algum momento exerceram o mandato nesta legislatura sofreram desconto no sal&aacute;rio por aus&ecirc;ncia em sess&otilde;es deliberativas &ndash; aquelas em que h&aacute; vota&ccedil;&otilde;es (tanto nominais quanto simb&oacute;licas). Somados os descontos, a C&acirc;mara deixou de pagar R$ 1.199.641,82 a deputados pelas faltas.</p><p>Os dados s&atilde;o do primeiro semestre legislativo, que abrange o per&iacute;odo que vai de 1&ordm; de fevereiro a 12 de julho deste ano. O levantamento foi obtido pelo&nbsp;<strong>G1</strong>&nbsp;por meio da Lei de Acesso &agrave; Informa&ccedil;&atilde;o da C&acirc;mara dos Deputados.</p><p>Foram realizadas 86 sess&otilde;es deliberativas no primeiro semestre legislativo, segundo dados da C&acirc;mara. A m&eacute;dia foi de 14,3 sess&otilde;es deliberativas por m&ecirc;s.</p><p>O valor de desconto pela aus&ecirc;ncia em uma sess&atilde;o deliberativa depende do n&uacute;mero de sess&otilde;es deliberativas que ocorreram naquele m&ecirc;s. O c&aacute;lculo &eacute; feito pela divis&atilde;o de R$ 21.101,88 (62,5% da remunera&ccedil;&atilde;o mensal) pelo n&uacute;mero de sess&otilde;es deliberativas no m&ecirc;s. A remunera&ccedil;&atilde;o mensal bruta de um deputado &eacute; R$ 33.763,00.</p><p>N&atilde;o h&aacute; desconto no sal&aacute;rio, por&eacute;m, caso o deputado esteja em miss&atilde;o oficial autorizada pela Mesa Diretora da Casa. Tamb&eacute;m n&atilde;o h&aacute; abatimento caso o deputado comprove, por atestado, doen&ccedil;a, licen&ccedil;a-maternidade, licen&ccedil;a-paternidade ou morte de um familiar.</p><p>A justificativa pode ser apresentada em at&eacute; 30 dias ap&oacute;s a aus&ecirc;ncia ou a qualquer momento em caso de licen&ccedil;a m&eacute;dica.</p><p>O artigo 55 da Constitui&ccedil;&atilde;o Federal diz ainda que o deputado pode perder o mandato caso se ausente de, no m&iacute;nimo, 1/3 das sess&otilde;es ordin&aacute;rias em cada sess&atilde;o legislativa (um ano de atividades). Para esse c&aacute;lculo, por&eacute;m, s&atilde;o desconsideradas licen&ccedil;as ou miss&otilde;es oficiais autorizadas pela Mesa Diretora.</p><p>&nbsp;</p>','img/noticias/2019.08.11-20.04.16.jpg','https://www.youtube.com/watch?v=GqH7o3TUQFg','Deputados, Câmara, Dinheiro',17,1,'2019-08-11 20:04:16'),(139,'Servidores da Câmara tem desconto no salário 3','Levantamento indica que 51,2% dos deputados tiveram abatimento no salário por falta','<p>&nbsp; &nbsp; &nbsp; No primeiro semestre de atividades na C&acirc;mara, 271 dos 529 deputados federais que em algum momento exerceram o mandato nesta legislatura sofreram desconto no sal&aacute;rio por aus&ecirc;ncia em sess&otilde;es deliberativas &ndash; aquelas em que h&aacute; vota&ccedil;&otilde;es (tanto nominais quanto simb&oacute;licas). Somados os descontos, a C&acirc;mara deixou de pagar R$ 1.199.641,82 a deputados pelas faltas.</p><p>Os dados s&atilde;o do primeiro semestre legislativo, que abrange o per&iacute;odo que vai de 1&ordm; de fevereiro a 12 de julho deste ano. O levantamento foi obtido pelo&nbsp;<strong>G1</strong>&nbsp;por meio da Lei de Acesso &agrave; Informa&ccedil;&atilde;o da C&acirc;mara dos Deputados.</p><p>Foram realizadas 86 sess&otilde;es deliberativas no primeiro semestre legislativo, segundo dados da C&acirc;mara. A m&eacute;dia foi de 14,3 sess&otilde;es deliberativas por m&ecirc;s.</p><p>O valor de desconto pela aus&ecirc;ncia em uma sess&atilde;o deliberativa depende do n&uacute;mero de sess&otilde;es deliberativas que ocorreram naquele m&ecirc;s. O c&aacute;lculo &eacute; feito pela divis&atilde;o de R$ 21.101,88 (62,5% da remunera&ccedil;&atilde;o mensal) pelo n&uacute;mero de sess&otilde;es deliberativas no m&ecirc;s. A remunera&ccedil;&atilde;o mensal bruta de um deputado &eacute; R$ 33.763,00.</p><p>N&atilde;o h&aacute; desconto no sal&aacute;rio, por&eacute;m, caso o deputado esteja em miss&atilde;o oficial autorizada pela Mesa Diretora da Casa. Tamb&eacute;m n&atilde;o h&aacute; abatimento caso o deputado comprove, por atestado, doen&ccedil;a, licen&ccedil;a-maternidade, licen&ccedil;a-paternidade ou morte de um familiar.</p><p>A justificativa pode ser apresentada em at&eacute; 30 dias ap&oacute;s a aus&ecirc;ncia ou a qualquer momento em caso de licen&ccedil;a m&eacute;dica.</p><p>O artigo 55 da Constitui&ccedil;&atilde;o Federal diz ainda que o deputado pode perder o mandato caso se ausente de, no m&iacute;nimo, 1/3 das sess&otilde;es ordin&aacute;rias em cada sess&atilde;o legislativa (um ano de atividades). Para esse c&aacute;lculo, por&eacute;m, s&atilde;o desconsideradas licen&ccedil;as ou miss&otilde;es oficiais autorizadas pela Mesa Diretora.</p><p>&nbsp;</p>','img/noticias/2019.08.11-20.04.50.jpg','https://www.youtube.com/watch?v=GqH7o3TUQFg','Deputados, Câmara, Dinheiro',17,1,'2019-08-11 20:04:50'),(140,'Isso é um teste de noticia de economia','Saque com limite de R$ 500 pode ser feito por trabalhadores com contas ativas e inativas do FGTS a partir de setembro; veja perguntas e respostas.','<p>A libera&ccedil;&atilde;o do Fundo de Garantia do Tempo de Servi&ccedil;o (FGTS)&nbsp;<a href=\'https://g1.globo.com/economia/noticia/2019/08/05/veja-o-calendario-de-saques-do-fgts-divulgado-pela-caixa.ghtml\'>come&ccedil;a em setembro para saques com limite de at&eacute; R$ 500.</a>&nbsp;Essa libera&ccedil;&atilde;o abrange contas que ainda est&atilde;o recebendo dep&oacute;sito do empregador atual e tamb&eacute;m de empregos anteriores, as chamadas contas inativas. Essa libera&ccedil;&atilde;o tem&nbsp;<a href=\'https://g1.globo.com/economia/noticia/2019/08/08/saques-de-r-500-do-fgts-veja-previsao-de-liberacao-por-estado.ghtml\'>previs&atilde;o de beneficiar 96 milh&otilde;es de trabalhadores</a>.</p><p>Quem tem direito a esse dinheiro?</p><p>&nbsp;</p><p>O saque com limite de R$ 500 pode ser feito por trabalhadores com contas ativas e inativas do FGTS, independente do saldo. Portanto, quem tiver menos que esse valor poder&aacute; tamb&eacute;m fazer a retirada do dinheiro.</p><p>&nbsp;</p><p>Como ser&atilde;o os saques?</p><p>&nbsp;</p><p>A Caixa estipulou um<a href=\'https://g1.globo.com/economia/noticia/2019/08/05/veja-o-calendario-de-saques-do-fgts-divulgado-pela-caixa.ghtml\'>&nbsp;<strong>calend&aacute;rio de saques&nbsp;</strong></a>que leva em conta o&nbsp;<strong>anivers&aacute;rio do trabalhador</strong>. Existem dois cronogramas: um para quem tem conta poupan&ccedil;a na Caixa e outro para quem n&atilde;o tem conta poupan&ccedil;a.</p><p>&nbsp;</p><p>Quando come&ccedil;am os saques?</p><p>&nbsp;</p><p><strong>Calend&aacute;rio para quem tem conta poupan&ccedil;a na Caixa:</strong></p><p>&nbsp;</p><ul><li>Anivers&aacute;rio em janeiro, fevereiro, mar&ccedil;o e abril: cr&eacute;dito em conta a partir de 13/09/2019</li><li>Anivers&aacute;rio em maio, junho, julho e agosto: cr&eacute;dito em conta a partir de 27/09/2019</li><li>Anivers&aacute;rio em setembro, outubro, novembro e dezembro: cr&eacute;dito em conta a partir de 09/10/2019</li></ul><p>&nbsp;</p>','img/noticias/2019.08.11-20.32.05.jpg','https://www.youtube.com/watch?v=GqH7o3TUQFg','Teste, teste, teste',19,1,'2019-08-11 20:32:05'),(141,'Isso é um teste de noticia de economia','Saque com limite de R$ 500 pode ser feito por trabalhadores com contas ativas e inativas do FGTS a partir de setembro; veja perguntas e respostas.','<p>A libera&ccedil;&atilde;o do Fundo de Garantia do Tempo de Servi&ccedil;o (FGTS)&nbsp;<a href=\'https://g1.globo.com/economia/noticia/2019/08/05/veja-o-calendario-de-saques-do-fgts-divulgado-pela-caixa.ghtml\'>come&ccedil;a em setembro para saques com limite de at&eacute; R$ 500.</a>&nbsp;Essa libera&ccedil;&atilde;o abrange contas que ainda est&atilde;o recebendo dep&oacute;sito do empregador atual e tamb&eacute;m de empregos anteriores, as chamadas contas inativas. Essa libera&ccedil;&atilde;o tem&nbsp;<a href=\'https://g1.globo.com/economia/noticia/2019/08/08/saques-de-r-500-do-fgts-veja-previsao-de-liberacao-por-estado.ghtml\'>previs&atilde;o de beneficiar 96 milh&otilde;es de trabalhadores</a>.</p><p>Quem tem direito a esse dinheiro?</p><p>&nbsp;</p><p>O saque com limite de R$ 500 pode ser feito por trabalhadores com contas ativas e inativas do FGTS, independente do saldo. Portanto, quem tiver menos que esse valor poder&aacute; tamb&eacute;m fazer a retirada do dinheiro.</p><p>&nbsp;</p><p>Como ser&atilde;o os saques?</p><p>&nbsp;</p><p>A Caixa estipulou um<a href=\'https://g1.globo.com/economia/noticia/2019/08/05/veja-o-calendario-de-saques-do-fgts-divulgado-pela-caixa.ghtml\'>&nbsp;<strong>calend&aacute;rio de saques&nbsp;</strong></a>que leva em conta o&nbsp;<strong>anivers&aacute;rio do trabalhador</strong>. Existem dois cronogramas: um para quem tem conta poupan&ccedil;a na Caixa e outro para quem n&atilde;o tem conta poupan&ccedil;a.</p><p>&nbsp;</p><p>Quando come&ccedil;am os saques?</p><p>&nbsp;</p><p><strong>Calend&aacute;rio para quem tem conta poupan&ccedil;a na Caixa:</strong></p><p>&nbsp;</p><ul><li>Anivers&aacute;rio em janeiro, fevereiro, mar&ccedil;o e abril: cr&eacute;dito em conta a partir de 13/09/2019</li><li>Anivers&aacute;rio em maio, junho, julho e agosto: cr&eacute;dito em conta a partir de 27/09/2019</li><li>Anivers&aacute;rio em setembro, outubro, novembro e dezembro: cr&eacute;dito em conta a partir de 09/10/2019</li></ul><p>&nbsp;</p>','img/noticias/2019.08.11-20.32.20.jpg','https://www.youtube.com/watch?v=GqH7o3TUQFg','Teste, teste, teste',19,1,'2019-08-11 20:32:20'),(142,'Isso é um teste de noticia de economia','Saque com limite de R$ 500 pode ser feito por trabalhadores com contas ativas e inativas do FGTS a partir de setembro; veja perguntas e respostas.','<p>A libera&ccedil;&atilde;o do Fundo de Garantia do Tempo de Servi&ccedil;o (FGTS)&nbsp;<a href=\'https://g1.globo.com/economia/noticia/2019/08/05/veja-o-calendario-de-saques-do-fgts-divulgado-pela-caixa.ghtml\'>come&ccedil;a em setembro para saques com limite de at&eacute; R$ 500.</a>&nbsp;Essa libera&ccedil;&atilde;o abrange contas que ainda est&atilde;o recebendo dep&oacute;sito do empregador atual e tamb&eacute;m de empregos anteriores, as chamadas contas inativas. Essa libera&ccedil;&atilde;o tem&nbsp;<a href=\'https://g1.globo.com/economia/noticia/2019/08/08/saques-de-r-500-do-fgts-veja-previsao-de-liberacao-por-estado.ghtml\'>previs&atilde;o de beneficiar 96 milh&otilde;es de trabalhadores</a>.</p><p>Quem tem direito a esse dinheiro?</p><p>&nbsp;</p><p>O saque com limite de R$ 500 pode ser feito por trabalhadores com contas ativas e inativas do FGTS, independente do saldo. Portanto, quem tiver menos que esse valor poder&aacute; tamb&eacute;m fazer a retirada do dinheiro.</p><p>&nbsp;</p><p>Como ser&atilde;o os saques?</p><p>&nbsp;</p><p>A Caixa estipulou um<a href=\'https://g1.globo.com/economia/noticia/2019/08/05/veja-o-calendario-de-saques-do-fgts-divulgado-pela-caixa.ghtml\'>&nbsp;<strong>calend&aacute;rio de saques&nbsp;</strong></a>que leva em conta o&nbsp;<strong>anivers&aacute;rio do trabalhador</strong>. Existem dois cronogramas: um para quem tem conta poupan&ccedil;a na Caixa e outro para quem n&atilde;o tem conta poupan&ccedil;a.</p><p>&nbsp;</p><p>Quando come&ccedil;am os saques?</p><p>&nbsp;</p><p><strong>Calend&aacute;rio para quem tem conta poupan&ccedil;a na Caixa:</strong></p><p>&nbsp;</p><ul><li>Anivers&aacute;rio em janeiro, fevereiro, mar&ccedil;o e abril: cr&eacute;dito em conta a partir de 13/09/2019</li><li>Anivers&aacute;rio em maio, junho, julho e agosto: cr&eacute;dito em conta a partir de 27/09/2019</li><li>Anivers&aacute;rio em setembro, outubro, novembro e dezembro: cr&eacute;dito em conta a partir de 09/10/2019</li></ul><p>&nbsp;</p>','img/noticias/2019.08.11-20.32.26.jpg','https://www.youtube.com/watch?v=GqH7o3TUQFg','Teste, teste, teste',19,1,'2019-08-11 20:32:26'),(143,'Isso é um teste de noticia de economia','Saque com limite de R$ 500 pode ser feito por trabalhadores com contas ativas e inativas do FGTS a partir de setembro; veja perguntas e respostas.','<p>A libera&ccedil;&atilde;o do Fundo de Garantia do Tempo de Servi&ccedil;o (FGTS)&nbsp;<a href=\'https://g1.globo.com/economia/noticia/2019/08/05/veja-o-calendario-de-saques-do-fgts-divulgado-pela-caixa.ghtml\'>come&ccedil;a em setembro para saques com limite de at&eacute; R$ 500.</a>&nbsp;Essa libera&ccedil;&atilde;o abrange contas que ainda est&atilde;o recebendo dep&oacute;sito do empregador atual e tamb&eacute;m de empregos anteriores, as chamadas contas inativas. Essa libera&ccedil;&atilde;o tem&nbsp;<a href=\'https://g1.globo.com/economia/noticia/2019/08/08/saques-de-r-500-do-fgts-veja-previsao-de-liberacao-por-estado.ghtml\'>previs&atilde;o de beneficiar 96 milh&otilde;es de trabalhadores</a>.</p><p>Quem tem direito a esse dinheiro?</p><p>&nbsp;</p><p>O saque com limite de R$ 500 pode ser feito por trabalhadores com contas ativas e inativas do FGTS, independente do saldo. Portanto, quem tiver menos que esse valor poder&aacute; tamb&eacute;m fazer a retirada do dinheiro.</p><p>&nbsp;</p><p>Como ser&atilde;o os saques?</p><p>&nbsp;</p><p>A Caixa estipulou um<a href=\'https://g1.globo.com/economia/noticia/2019/08/05/veja-o-calendario-de-saques-do-fgts-divulgado-pela-caixa.ghtml\'>&nbsp;<strong>calend&aacute;rio de saques&nbsp;</strong></a>que leva em conta o&nbsp;<strong>anivers&aacute;rio do trabalhador</strong>. Existem dois cronogramas: um para quem tem conta poupan&ccedil;a na Caixa e outro para quem n&atilde;o tem conta poupan&ccedil;a.</p><p>&nbsp;</p><p>Quando come&ccedil;am os saques?</p><p>&nbsp;</p><p><strong>Calend&aacute;rio para quem tem conta poupan&ccedil;a na Caixa:</strong></p><p>&nbsp;</p><ul><li>Anivers&aacute;rio em janeiro, fevereiro, mar&ccedil;o e abril: cr&eacute;dito em conta a partir de 13/09/2019</li><li>Anivers&aacute;rio em maio, junho, julho e agosto: cr&eacute;dito em conta a partir de 27/09/2019</li><li>Anivers&aacute;rio em setembro, outubro, novembro e dezembro: cr&eacute;dito em conta a partir de 09/10/2019</li></ul><p>&nbsp;</p>','img/noticias/2019.08.11-20.32.33.jpg','https://www.youtube.com/watch?v=GqH7o3TUQFg','Teste, teste, teste',19,1,'2019-08-11 20:32:33'),(144,'Na estrada com Galvão','A aventura começa em Sorocaba. Galvão, que na juventude foi jogador de basquete e quase se profissionalizou, vai atrás da rainha Hortência. ','<p>Uma experi&ecirc;ncia no aut&oacute;dromo de Interlagos &eacute; sempre uma divers&atilde;o. O Galv&atilde;o Bueno conta que come&ccedil;ou a frequentar o circuito quando ainda ali tinha muita terra. Mas, no asfalto, entrou na brincadeira com os pilotos do AutoEsporte para mostrar o banho de esportividade do Novo Jetta GLI. Se narrar os pilotos criando situa&ccedil;&otilde;es na pista &eacute; bom, melhor ainda &eacute; quando ele pega o carro para guiar.</p><p>Locais</p><p>O roteiro ser&aacute; bem verde-amarelo. Galv&atilde;o vai nos levar at&eacute; o interior de S&atilde;o Paulo, depois atravessa a fronteira e invade as Minas Gerais atr&aacute;s do super-cano&iacute;sta e medalhista ol&iacute;mpico Isaquias Queiroz. D&aacute; meia volta, atravessa a Serra do Mar e estaciona no litoral norte paulista, para aprender a surfar com o bicampe&atilde;o mundial Gabriel Medina. Depois, Galv&atilde;o embica rumo a Porto Alegre. Adivinha quem ser&aacute; o entrevistado?</p>','img/noticias/2019.08.11-20.56.55.jpg','https://www.youtube.com/watch?v=GqH7o3TUQFg','Teste, teste, teste',20,1,'2019-08-11 20:56:55'),(145,'Na estrada com Galvão 2','A aventura começa em Sorocaba. Galvão, que na juventude foi jogador de basquete e quase se profissionalizou, vai atrás da rainha Hortência. ','<p>Uma experi&ecirc;ncia no aut&oacute;dromo de Interlagos &eacute; sempre uma divers&atilde;o. O Galv&atilde;o Bueno conta que come&ccedil;ou a frequentar o circuito quando ainda ali tinha muita terra. Mas, no asfalto, entrou na brincadeira com os pilotos do AutoEsporte para mostrar o banho de esportividade do Novo Jetta GLI. Se narrar os pilotos criando situa&ccedil;&otilde;es na pista &eacute; bom, melhor ainda &eacute; quando ele pega o carro para guiar.</p><p>Locais</p><p>O roteiro ser&aacute; bem verde-amarelo. Galv&atilde;o vai nos levar at&eacute; o interior de S&atilde;o Paulo, depois atravessa a fronteira e invade as Minas Gerais atr&aacute;s do super-cano&iacute;sta e medalhista ol&iacute;mpico Isaquias Queiroz. D&aacute; meia volta, atravessa a Serra do Mar e estaciona no litoral norte paulista, para aprender a surfar com o bicampe&atilde;o mundial Gabriel Medina. Depois, Galv&atilde;o embica rumo a Porto Alegre. Adivinha quem ser&aacute; o entrevistado?</p>','img/noticias/2019.08.11-20.57.03.jpg','https://www.youtube.com/watch?v=GqH7o3TUQFg','Teste, teste, teste',20,1,'2019-08-11 20:57:03'),(146,'Na estrada com Galvão 3','A aventura começa em Sorocaba. Galvão, que na juventude foi jogador de basquete e quase se profissionalizou, vai atrás da rainha Hortência. ','<p>Uma experi&ecirc;ncia no aut&oacute;dromo de Interlagos &eacute; sempre uma divers&atilde;o. O Galv&atilde;o Bueno conta que come&ccedil;ou a frequentar o circuito quando ainda ali tinha muita terra. Mas, no asfalto, entrou na brincadeira com os pilotos do AutoEsporte para mostrar o banho de esportividade do Novo Jetta GLI. Se narrar os pilotos criando situa&ccedil;&otilde;es na pista &eacute; bom, melhor ainda &eacute; quando ele pega o carro para guiar.</p><p>Locais</p><p>O roteiro ser&aacute; bem verde-amarelo. Galv&atilde;o vai nos levar at&eacute; o interior de S&atilde;o Paulo, depois atravessa a fronteira e invade as Minas Gerais atr&aacute;s do super-cano&iacute;sta e medalhista ol&iacute;mpico Isaquias Queiroz. D&aacute; meia volta, atravessa a Serra do Mar e estaciona no litoral norte paulista, para aprender a surfar com o bicampe&atilde;o mundial Gabriel Medina. Depois, Galv&atilde;o embica rumo a Porto Alegre. Adivinha quem ser&aacute; o entrevistado?</p>','img/noticias/2019.08.11-20.57.11.jpg','https://www.youtube.com/watch?v=GqH7o3TUQFg','Teste, teste, teste',20,1,'2019-08-11 20:57:11'),(147,'Na estrada com Galvão 4','A aventura começa em Sorocaba. Galvão, que na juventude foi jogador de basquete e quase se profissionalizou, vai atrás da rainha Hortência. ','<p>Uma experi&ecirc;ncia no aut&oacute;dromo de Interlagos &eacute; sempre uma divers&atilde;o. O Galv&atilde;o Bueno conta que come&ccedil;ou a frequentar o circuito quando ainda ali tinha muita terra. Mas, no asfalto, entrou na brincadeira com os pilotos do AutoEsporte para mostrar o banho de esportividade do Novo Jetta GLI. Se narrar os pilotos criando situa&ccedil;&otilde;es na pista &eacute; bom, melhor ainda &eacute; quando ele pega o carro para guiar.</p><p>Locais</p><p>O roteiro ser&aacute; bem verde-amarelo. Galv&atilde;o vai nos levar at&eacute; o interior de S&atilde;o Paulo, depois atravessa a fronteira e invade as Minas Gerais atr&aacute;s do super-cano&iacute;sta e medalhista ol&iacute;mpico Isaquias Queiroz. D&aacute; meia volta, atravessa a Serra do Mar e estaciona no litoral norte paulista, para aprender a surfar com o bicampe&atilde;o mundial Gabriel Medina. Depois, Galv&atilde;o embica rumo a Porto Alegre. Adivinha quem ser&aacute; o entrevistado?</p>','img/noticias/2019.08.11-20.57.16.jpg','https://www.youtube.com/watch?v=GqH7o3TUQFg','Teste, teste, teste',20,1,'2019-08-11 20:57:16'),(148,'Na estrada com Galvão 5','A aventura começa em Sorocaba. Galvão, que na juventude foi jogador de basquete e quase se profissionalizou, vai atrás da rainha Hortência. ','<p>Uma experi&ecirc;ncia no aut&oacute;dromo de Interlagos &eacute; sempre uma divers&atilde;o. O Galv&atilde;o Bueno conta que come&ccedil;ou a frequentar o circuito quando ainda ali tinha muita terra. Mas, no asfalto, entrou na brincadeira com os pilotos do AutoEsporte para mostrar o banho de esportividade do Novo Jetta GLI. Se narrar os pilotos criando situa&ccedil;&otilde;es na pista &eacute; bom, melhor ainda &eacute; quando ele pega o carro para guiar.</p><p>Locais</p><p>O roteiro ser&aacute; bem verde-amarelo. Galv&atilde;o vai nos levar at&eacute; o interior de S&atilde;o Paulo, depois atravessa a fronteira e invade as Minas Gerais atr&aacute;s do super-cano&iacute;sta e medalhista ol&iacute;mpico Isaquias Queiroz. D&aacute; meia volta, atravessa a Serra do Mar e estaciona no litoral norte paulista, para aprender a surfar com o bicampe&atilde;o mundial Gabriel Medina. Depois, Galv&atilde;o embica rumo a Porto Alegre. Adivinha quem ser&aacute; o entrevistado?</p>','img/noticias/2019.08.11-20.57.24.jpg','https://www.youtube.com/watch?v=GqH7o3TUQFg','Teste, teste, teste',20,1,'2019-08-11 20:57:24'),(149,'Na estrada com Galvão 6','A aventura começa em Sorocaba. Galvão, que na juventude foi jogador de basquete e quase se profissionalizou, vai atrás da rainha Hortência. ','<p>Uma experi&ecirc;ncia no aut&oacute;dromo de Interlagos &eacute; sempre uma divers&atilde;o. O Galv&atilde;o Bueno conta que come&ccedil;ou a frequentar o circuito quando ainda ali tinha muita terra. Mas, no asfalto, entrou na brincadeira com os pilotos do AutoEsporte para mostrar o banho de esportividade do Novo Jetta GLI. Se narrar os pilotos criando situa&ccedil;&otilde;es na pista &eacute; bom, melhor ainda &eacute; quando ele pega o carro para guiar.</p><p>Locais</p><p>O roteiro ser&aacute; bem verde-amarelo. Galv&atilde;o vai nos levar at&eacute; o interior de S&atilde;o Paulo, depois atravessa a fronteira e invade as Minas Gerais atr&aacute;s do super-cano&iacute;sta e medalhista ol&iacute;mpico Isaquias Queiroz. D&aacute; meia volta, atravessa a Serra do Mar e estaciona no litoral norte paulista, para aprender a surfar com o bicampe&atilde;o mundial Gabriel Medina. Depois, Galv&atilde;o embica rumo a Porto Alegre. Adivinha quem ser&aacute; o entrevistado?</p>','img/noticias/2019.08.11-20.57.29.jpg','https://www.youtube.com/watch?v=GqH7o3TUQFg','Teste, teste, teste',20,1,'2019-08-11 20:57:29'),(150,'Brasil fecha Pan com recorde de medalhas','Mesmo com menos atletas que nas últimas três edições, delegação conquista o maior número de medalhas na história, quebra o recorde de ouros, e termina atrás apenas dos Estados Unidos','<p>Barba, cabelo e bigode. A delega&ccedil;&atilde;o brasileira conquistou, nos Jogos Pan-Americanos de Lima, no Peru, encerrados neste domingo, os tr&ecirc;s maiores objetivos que poderiam ser atingidos: quebrou o recorde de medalhas de ouro, levando 55, tr&ecirc;s a mais que no Pan de 2007, no Rio de Janeiro, foi ao p&oacute;dio como jamais havia feito, 171, 14 vezes a mais do que a marca anterior, e encerrou o evento em segundo no quadro geral, atr&aacute;s apenas dos Estados Unidos, repetindo o ocorrido em 1963, no Pan de S&atilde;o Paulo. Portanto, o Brasil fechou com 55 ouros, 45 pratas e 71 bronzes.&nbsp;</p><p>O Comit&ecirc; Ol&iacute;mpico do Brasil (COB) n&atilde;o tinha colocado uma meta em n&uacute;mero de medalhas ou de p&oacute;dios, nem posi&ccedil;&atilde;o no quadro. Para a entidade que comanda o esporte no pa&iacute;s, o importante era a conquista de vagas ol&iacute;mpicas e a melhora do desempenho da maioria dos esporte com rela&ccedil;&atilde;o a Toronto 2015. O pa&iacute;s garantiu, pelo Pan, um lugar na Olimp&iacute;ada no handebol, hipismo, tiro com arco, t&ecirc;nis de mesa, t&ecirc;nis, pentatlo e vela, mas acabou sucumbindo no handebol masculino e no tiro esportivo.</p><p>Outro recorde interessante atingido pelo Brasil foi o de n&uacute;mero de modalidades que foi ao p&oacute;dio. O Brasil conquistou medalha em 41, mais que os 40 do Rio 2007. Nos t&iacute;tulos, foram 22 modalidades com ouros, repetindo as 22 de 2007. Com menos de 500 atletas, delega&ccedil;&atilde;o foi a menor desde 2003, o Brasil se destacou muito mais em esportes individuais do que nos coletivos.</p>','img/noticias/2019.08.11-22.07.30jpeg','https://www.youtube.com/watch?v=hwDSe8F7XoE','Pan, Medalhas, Brasil',20,1,'2019-08-11 22:07:30');
/*!40000 ALTER TABLE `noticias` ENABLE KEYS */;
UNLOCK TABLES;

--
-- Table structure for table `permissoes`
--

DROP TABLE IF EXISTS `permissoes`;
/*!40101 SET @saved_cs_client     = @@character_set_client */;
/*!40101 SET character_set_client = utf8 */;
CREATE TABLE `permissoes` (
  `id` int(11) NOT NULL AUTO_INCREMENT,
  `tipo` varchar(255) NOT NULL,
  PRIMARY KEY (`id`)
) ENGINE=InnoDB DEFAULT CHARSET=latin1;
/*!40101 SET character_set_client = @saved_cs_client */;

--
-- Dumping data for table `permissoes`
--

LOCK TABLES `permissoes` WRITE;
/*!40000 ALTER TABLE `permissoes` DISABLE KEYS */;
/*!40000 ALTER TABLE `permissoes` ENABLE KEYS */;
UNLOCK TABLES;

--
-- Table structure for table `usuarios`
--

DROP TABLE IF EXISTS `usuarios`;
/*!40101 SET @saved_cs_client     = @@character_set_client */;
/*!40101 SET character_set_client = utf8 */;
CREATE TABLE `usuarios` (
  `id` int(11) NOT NULL AUTO_INCREMENT,
  `nome` varchar(255) NOT NULL,
  `email` varchar(255) NOT NULL,
  `senha` varchar(255) NOT NULL,
  `nivel_permissao` varchar(255) NOT NULL,
  PRIMARY KEY (`id`)
) ENGINE=InnoDB AUTO_INCREMENT=15 DEFAULT CHARSET=latin1;
/*!40101 SET character_set_client = @saved_cs_client */;

--
-- Dumping data for table `usuarios`
--

LOCK TABLES `usuarios` WRITE;
/*!40000 ALTER TABLE `usuarios` DISABLE KEYS */;
INSERT INTO `usuarios` VALUES (1,'João Ferreira','joaopauloaferreira23@gmail.com','f913184fe8e5aed1ad65c1730bc0d80f','administrador'),(3,'Paulo','paulico@email.com','d5f0790a48b3f1b9fe4ffe5538ef7c0d','Padrão'),(4,'Maria','maria@email.com','d5f0790a48b3f1b9fe4ffe5538ef7c0d','Padrão'),(6,'Julia','julia@email.com','d5f0790a48b3f1b9fe4ffe5538ef7c0d','Padrão'),(10,'Mateus','mateus@email.com','d5f0790a48b3f1b9fe4ffe5538ef7c0d','Padrão'),(11,'Pedro','pedro@email.com','d5f0790a48b3f1b9fe4ffe5538ef7c0d','Padrão'),(12,'Felipe','felipe@email.com','d5f0790a48b3f1b9fe4ffe5538ef7c0d','Padrão'),(13,'Luiz','luiz@email.com','d5f0790a48b3f1b9fe4ffe5538ef7c0d','Padrão');
/*!40000 ALTER TABLE `usuarios` ENABLE KEYS */;
UNLOCK TABLES;
/*!40103 SET TIME_ZONE=@OLD_TIME_ZONE */;

/*!40101 SET SQL_MODE=@OLD_SQL_MODE */;
/*!40014 SET FOREIGN_KEY_CHECKS=@OLD_FOREIGN_KEY_CHECKS */;
/*!40014 SET UNIQUE_CHECKS=@OLD_UNIQUE_CHECKS */;
/*!40101 SET CHARACTER_SET_CLIENT=@OLD_CHARACTER_SET_CLIENT */;
/*!40101 SET CHARACTER_SET_RESULTS=@OLD_CHARACTER_SET_RESULTS */;
/*!40101 SET COLLATION_CONNECTION=@OLD_COLLATION_CONNECTION */;
/*!40111 SET SQL_NOTES=@OLD_SQL_NOTES */;

-- Dump completed on 2019-08-11 22:30:53
